newspaper_id	time_str	original_title	n_original_body_lines	hash	time_ut	original_lang	url
adalk	2023-11-20 15:54:28	ලුණුගම්වෙහෙරේ වාන් දොරටු විවෘත කරයි	3	7a8e1561	1700475868.0	si	https://www.ada.lk/breaking_news/ලුණුගම්වෙහෙරේ-වාන්-දොරටු-විවෘත-කරයි/11-406737
adalk	2023-11-20 15:45:09	මාරාන්තික උපවාසය ඇමති මැදිහත්වීමෙන් නවතී	3	261dcc8d	1700475309.0	si	https://www.ada.lk/breaking_news/මාරාන්තික-උපවාසය-ඇමති-මැදිහත්වීමෙන්-නවතී/11-406736
virakesarilk	2023-11-20 15:41:00	இந்தியாவில் விசாகப்பட்டினம் துறைமுகத்தில் தீ விபத்து ; 40 படகுகள் எரிந்து நாசம்	4	01fcedc0	1700475060.0	ta	https://www.virakesari.lk/article/169785
adalk	2023-11-20 15:40:50	අයවැය ගැන මෛත්‍රීලාගේ තීරණය හෙට	6	a61d1ccd	1700475050.0	si	https://www.ada.lk/breaking_news/අයවැය-ගැන-මෛත්‍රීලාගේ-තීරණය-හෙට/11-406735
virakesarilk	2023-11-20 15:37:00	குழந்தை பருவத்தின் மெல்லிசைக்கு முன்பாக ஏவுகணைகளின் சத்தங்களை கற்றுக்கொள்ளும் காசா குழந்தைகள்	19	fc358cc3	1700474820.0	ta	https://www.virakesari.lk/article/169787
adaderanalk	2023-11-20 15:31:00	ADB backs future water supply projects in Sri Lanka	6	1d77018b	1700474460.0	en	https://www.adaderana.lk/news/95010/adb-backs-future-water-supply-projects-in-sri-lanka
adaderanalk	2023-11-20 15:23:00	Rising gold-backed loans elevate risks for Sri Lankan finance companies - Fitch	8	28d768bc	1700473980.0	en	https://www.adaderana.lk/news/95009/rising-gold-backed-loans-elevate-risks-for-sri-lankan-finance-companies-fitch
virakesarilk	2023-11-20 15:13:00	தம்பலகாமம் பண்ணையாளர்கள் மேய்ச்சல் தரை இன்றி எதிர்கொள்ளும் சவால்கள்	7	ec9f5b63	1700473380.0	ta	https://www.virakesari.lk/article/169781
adaderanalk	2023-11-20 15:05:00	Petition against SLC interim committee recalled on Wednesday	11	b561ef4e	1700472900.0	en	https://www.adaderana.lk/news/95008/petition-against-slc-interim-committee-recalled-on-wednesday
virakesarilk	2023-11-20 14:52:00	காட்டெருமை தாக்கி வயோதிபர் படுகாயம்	5	cd999681	1700472120.0	ta	https://www.virakesari.lk/article/169779
virakesarilk	2023-11-20 14:44:00	ரயில் மிதிபலகையில் பயணித்த நால்வர் கொம்பனித் தெரு ரயில் நிலையத்துக்கு அருகில் சுவரில் மோதப்பட்டதில் காயம்!	2	0a964e0f	1700471640.0	ta	https://www.virakesari.lk/article/169777
virakesarilk	2023-11-20 14:26:00	கிரிக்கெட்  இடைக்கால நிர்வாகக் குழுவுக்கு எதிரான மனு மீதான  விசாரணை 22 ஆம் திகதி!	2	ae7f4799	1700470560.0	ta	https://www.virakesari.lk/article/169775
virakesarilk	2023-11-20 14:15:00	யாழ். நவாலியில் துவிச்சக்கர வண்டியில் சென்ற முதியவர் மயங்கி விழுந்து உயிரிழப்பு	4	d478177a	1700469900.0	ta	https://www.virakesari.lk/article/169773
virakesarilk	2023-11-20 14:05:00	புத்தக விற்பனை நிலையத்தில் தாக்குதல் நடத்திய நபர் :  உரிமையாளர் உட்பட இருவர் காயம்!	4	f91625de	1700469300.0	ta	https://www.virakesari.lk/article/169772
virakesarilk	2023-11-20 13:57:00	பாராளுமன்ற குழுக்கள் மற்றும் துறைசார் மேற்பார்வை குழுக்களுக்கு வெளியாட்களை அழைக்கும் போது எனது எழுத்து மூலமான அனுமதியை பெற வேண்டும் - சபாநாயகர் வலியுறுத்தல்	6	aa8cd388	1700468820.0	ta	https://www.virakesari.lk/article/169771
adaderanalk	2023-11-20 13:41:00	New Health Secretary assumes duties	6	de28ad98	1700467860.0	en	https://www.adaderana.lk/news/95007/new-health-secretary-assumes-duties
adaderanalk	2023-11-20 13:27:00	Director of Health Ministry’s MSD and three others arrested	7	69dd280d	1700467020.0	en	https://www.adaderana.lk/news/95006/director-of-health-ministrys-msd-and-three-others-arrested
adaderanalk	2023-11-20 13:09:00	COPE chairman vows to resign as MP if sexual bribery chargers are proven	4	8f6b453b	1700465940.0	en	https://www.adaderana.lk/news/95005/cope-chairman-vows-to-resign-as-mp-if-sexual-bribery-chargers-are-proven-
virakesarilk	2023-11-20 13:08:00	தங்க நகை அணியாததால் பெண்ணை தாக்கி விட்டு தப்பிச்சென்ற கொள்ளைக் கும்பல்	4	f87fa232	1700465880.0	ta	https://www.virakesari.lk/article/169758
adalk	2023-11-20 12:56:30	මහපොළ අරමුදලට වාර්ෂිකව රුපියල්  බිලියන 2ක පොලියක්	6	3d337cb6	1700465190.0	si	https://www.ada.lk/breaking_news/මහපොළ-අරමුදලට-වාර්ෂිකව-රුපියල්--බිලියන-2ක-පොලියක්/11-406734
virakesarilk	2023-11-20 12:43:00	இன்றைய நாணய மாற்று விகிதம்	1	07bb6bbb	1700464380.0	ta	https://www.virakesari.lk/article/169763
virakesarilk	2023-11-20 12:43:00	அவுஸ்திரேலிய கப்பல் மாலுமிகள் மீது சீனாவின் போர்க்கப்பல் சோனார் தாக்குதல்	6	beac7a74	1700464380.0	ta	https://www.virakesari.lk/article/169762
virakesarilk	2023-11-20 12:36:00	நாட்டில் வர்க்க பேதமின்றி அனைவரையும் வாட்டிவதைக்கும் பொருளாதாரப்  பிரச்சினை !	1	9ca70326	1700463960.0	ta	https://www.virakesari.lk/article/169756
virakesarilk	2023-11-20 12:34:00	கந்தகெதர சென்ற பஸ்  தொழில்நுட்பக் கோளாறுக்கு உள்ளானபோது 1,000 அடி பள்ளத்தில் வீழாது சாதுரியமாக செயற்பட்ட சாரதி!	4	f8d37612	1700463840.0	ta	https://www.virakesari.lk/article/169760
adaderanalk	2023-11-20 12:05:00	Flood warning issued for low-lying areas of Deduru Oya extended	4	fd644161	1700462100.0	en	https://www.adaderana.lk/news/95004/flood-warning-issued-for-low-lying-areas-of-deduru-oya-extended
adalk	2023-11-20 12:03:32	ශ්‍රී පාදයට කුණු දැම්මොත් නාස්ති වෙන්නේ අපේ සල්ලි	4	97b47a7a	1700462012.0	si	https://www.ada.lk/breaking_news/ශ්‍රී-පාදයට-කුණු-දැම්මොත්-නාස්ති-වෙන්නේ-අපේ-සල්ලි/11-406733
adaderanalk	2023-11-20 11:48:00	SLC rejects Sports Minister’s allegations on ICC suspension	11	af2dd969	1700461080.0	en	https://www.adaderana.lk/news/95003/slc-rejects-sports-ministers-allegations-on-icc-suspension-
virakesarilk	2023-11-20 11:32:00	எயார் பஸ் 320 இல் 1,700 மணித்தியாலங்கள் விமானியாக பறந்த தமிழ் பெண் அர்ச்சனா	18	ccb6f3f4	1700460120.0	ta	https://www.virakesari.lk/article/169742
adaderanalk	2023-11-20 11:28:00	Speaker issues special statement on outsiders attending parliamentary committee meetings	6	b6578625	1700459880.0	en	https://www.adaderana.lk/news/95002/speaker-issues-special-statement-on-outsiders-attending-parliamentary-committee-meetings
adalk	2023-11-20 11:15:16	විමලසුරෙන්ද්‍ර වාන් දමයි, කාසල් රී පිටාර මට්ටමට අඟල් 6යි	2	1b72cc06	1700459116.0	si	https://www.ada.lk/breaking_news/විමලසුරෙන්ද්‍ර-වාන්-දමයි--කාසල්-රී-පිටාර-මට්ටමට-අඟල්-6යි/11-406732
adaderanalk	2023-11-20 10:57:00	India-bound ‘Israeli cargo ship’ seized by Yemen’s Houthi rebels	9	29dbc7ac	1700458020.0	en	https://www.adaderana.lk/news/95001/india-bound-israeli-cargo-ship-seized-by-yemens-houthi-rebels
adaderanalk	2023-11-20 10:32:00	Major flood warning issued for low-lying areas of Maha Oya	4	3eaf4c72	1700456520.0	en	https://www.adaderana.lk/news/95000/major-flood-warning-issued-for-low-lying-areas-of-maha-oya-
virakesarilk	2023-11-20 10:25:00	இஸ்ரேலிய கொடியுடன் பயணிக்கும் கப்பல்களை தாக்கும் நடவடிக்கை  ஆரம்பம் - ஹெளத்தி கிளர்ச்சியாளர்கள் அறிவிப்பு - கப்பலொன்றையும் கைப்பற்றினர்	4	647630c0	1700456100.0	ta	https://www.virakesari.lk/article/169734
adaderanalk	2023-11-20 10:10:00	RDA Engineers to ‘report sick’ this week	4	b672f637	1700455200.0	en	https://www.adaderana.lk/news/94999/rda-engineers-to-report-sick-this-week-
adalk	2023-11-20 09:59:13	පාසලේ කොන්ක්‍රීට් බැම්මක් කඩා වැටී සිසුවිය මැරුණාට විදුහල්පතිට පහරදුන් තිදෙනා අල්ලයි	3	28ff8c6f	1700454553.0	si	https://www.ada.lk/breaking_news/පාසලේ-කොන්ක්‍රීට්-බැම්මක්-කඩා-වැටී-සිසුවිය-මැරුණාට-විදුහල්පතිට-පහරදුන්-තිදෙනා-අල්ලයි/11-406731
adalk	2023-11-20 09:27:55	මහ ඔය නිම්නයට ඉදිරි පැය 24දී විශාල ගංවතුරක් ගැන රතු නිවේදනයක්	3	46351366	1700452675.0	si	https://www.ada.lk/breaking_news/මහ-ඔය-නිම්නයට-ඉදිරි-පැය-24දී-විශාල-ගංවතුරක්-ගැන-රතු-නිවේදනයක්/11-406730
adaderanalk	2023-11-20 07:43:00	Fiery right-wing populist Javier Milei wins Argentina’s presidency	22	8df37899	1700446380.0	en	https://www.adaderana.lk/news/94998/fiery-right-wing-populist-javier-milei-wins-argentinas-presidency
adaderanalk	2023-11-20 07:36:00	Fairly heavy showers expected in several provinces	7	b477eaea	1700445960.0	en	https://www.adaderana.lk/news/94997/fairly-heavy-showers-expected-in-several-provinces
bbccomsinhala	2023-11-20 03:10:21	'දෙලක්ෂ හැත්තෑදාහේ බෙහෙත ඕනා කියනකොට අපි ඔක්කොටම පිස්සු හැදිලා හිටියේ'	8	e734f937	1700430021.0	si	https://www.bbc.com/sinhala/articles/cj5pmrrm58do
colombotelegraphcom	2023-11-20 00:03:36	Target 2048 Requires Sri Lanka To Develop A Viable Creative Capital Base	23	ceeb4c5f	1700418816.0	en	https://www.colombotelegraph.com/index.php/target-2048-requires-sri-lanka-to-develop-a-viable-creative-capital-base/
adaderanalk	2023-11-19 23:56:00	Two generating units of Norochcholai power plant to remain inoperative for 2 weeks?	6	d55fbfcc	1700418360.0	en	https://www.adaderana.lk/news/94996/two-generating-units-of-norochcholai-power-plant-to-remain-inoperative-for-2-weeks
adaderanalk	2023-11-19 22:10:00	Landslide ‘Red’ alert issued for Kegalle District; Flood warning to Maha Oya basin	12	1156cbd3	1700412000.0	en	https://www.adaderana.lk/news/94995/landslide-red-alert-issued-for-kegalle-district-flood-warning-to-maha-oya-basin
adaderanalk	2023-11-19 21:45:00	Australia trounce India to win sixth ICC Cricket World Cup title	38	71b69729	1700410500.0	en	https://www.adaderana.lk/news/94994/australia-trounce-india-to-win-sixth-icc-cricket-world-cup-title
adalk	2023-11-19 21:36:52	ඔස්ට්‍රේලියාව එක්දින ලෝක ශූරයන් ලෙසින් කිරුළු පළදියි	3	b878164e	1700410012.0	si	https://www.ada.lk/sports/ඔස්ට්‍රේලියාව-එක්දින-ලෝක-ශූරයන්-ලෙසින්-කිරුළු-පළදියි/9-406729
adaderanalk	2023-11-19 20:26:00	U.S., Israel and Hamas reach tentative deal to pause conflict, free dozens of hostages - reports	5	db67e86b	1700405760.0	en	https://www.adaderana.lk/news/94993/us-israel-and-hamas-reach-tentative-deal-to-pause-conflict-free-dozens-of-hostages-reports
adalk	2023-11-19 20:00:30	බිරිඳ සිය සැමියාට පහරදී ඝාතනය කරයි	6	2c0bcccc	1700404230.0	si	https://www.ada.lk/breaking_news/බිරිඳ-සිය-සැමියාට-පහරදී-ඝාතනය-කරයි/11-406728
adalk	2023-11-19 19:33:22	නව විදුලි පනත අද කැබිනට් පංතියට	3	0f059d98	1700402602.0	si	https://www.ada.lk/breaking_news/නව-විදුලි-පනත-අද-කැබිනට්-පංතියට/11-406727
adalk	2023-11-19 19:15:43	ලංකාවෙන් නව කනඋල්ලන් විශේෂයක්	4	8060e6b5	1700401543.0	si	https://www.ada.lk/breaking_news/ලංකාවෙන්-නව-කනඋල්ලන්-විශේෂයක්/11-406726
adalk	2023-11-19 19:07:10	ජල විදුලි නිපදවීම සියයට 76ක් දක්වා ඉහළට	6	502880d7	1700401030.0	si	https://www.ada.lk/breaking_news/ජල-විදුලි-නිපදවීම-සියයට-76ක්-දක්වා-ඉහළට/11-406725
adalk	2023-11-19 18:55:49	මෙවර ණය වැයක්	5	1bdbed0e	1700400349.0	si	https://www.ada.lk/breaking_news/මෙවර-ණය-වැයක්/11-406724
adalk	2023-11-19 18:37:36	සෞඛ්‍ය අමාත්‍යාංශයේ නව ලේකම් හෙට වැඩ භාර ගැනේ	3	ea98c722	1700399256.0	si	https://www.ada.lk/breaking_news/සෞඛ්‍ය-අමාත්‍යාංශයේ-නව-ලේකම්-හෙට-වැඩ-භාර-ගැනේ/11-406722
adaderanalk	2023-11-19 18:37:00	Biden administration greatly values partnership with Sri Lanka - Samantha Power	4	db145e7b	1700399220.0	en	https://www.adaderana.lk/news/94992/biden-administration-greatly-values-partnership-with-sri-lanka-samantha-power
adaderanalk	2023-11-19 18:24:00	Trains disrupted on up-country line due to derailment	2	0a6af231	1700398440.0	en	https://www.adaderana.lk/news/94991/trains-disrupted-on-up-country-line-due-to-derailment
adalk	2023-11-19 18:19:41	ඔස්ට්‍රේලියාවට ලකුණු 241ක ඉලක්කයක්	3	8a56406e	1700398181.0	si	https://www.ada.lk/sports/ඔස්ට්‍රේලියාවට-ලකුණු-241ක-ඉලක්කයක්/9-406721
adaderanalk	2023-11-19 16:28:00	74,664 tourists arrive in Sri Lanka in first two weeks of Nov.	6	2bea1011	1700391480.0	en	https://www.adaderana.lk/news/94990/74664-tourists-arrive-in-sri-lanka-in-first-two-weeks-of-nov
adalk	2023-11-19 15:04:46	අයි.එම්.එෆ්. දෙවන වාරිකය දෙසැම්බර් මාසයේ	16	74aca847	1700386486.0	si	https://www.ada.lk/breaking_news/අයි-එම්-එෆ්--දෙවන-වාරිකය-දෙසැම්බර්-මාසයේ/11-406720
adaderanalk	2023-11-19 14:56:00	Weather advisories issued for severe lightning and heavy rains	10	df490de6	1700385960.0	en	https://www.adaderana.lk/news/94988/weather-advisories-issued-for-severe-lightning-and-heavy-rains
adalk	2023-11-19 14:12:37	ජනතාව හාමතේ, රටේ නායකයෝ කේක් කපනවා	9	3bfee822	1700383357.0	si	https://www.ada.lk/breaking_news/ජනතාව-හාමතේ--රටේ-නායකයෝ-කේක්-කපනවා/11-406719
adalk	2023-11-19 13:59:59	සීනි බද්දට පෙර ව්‍යාපාරිකයෙක් සීනි ටොන් 8000ක් ආනයනය කරලා	6	30ca67d3	1700382599.0	si	https://www.ada.lk/breaking_news/සීනි-බද්දට-පෙර-ව්‍යාපාරිකයෙක්-සීනි-ටොන්-8000ක්-ආනයනය-කරලා/11-406718
adalk	2023-11-19 13:49:17	හිමිනමකගේ තියුණු ආයුධ ප්‍රහාරයට ලක්වූ පොලිස් කොස්තාපල් ජීවිතක්ෂයට	4	681298c5	1700381957.0	si	https://www.ada.lk/breaking_news/හිමිනමකගේ-තියුණු-ආයුධ-ප්‍රහාරයට-ලක්වූ-පොලිස්-කොස්තාපල්-ජීවිතක්ෂයට/11-406717
adalk	2023-11-19 13:32:27	ආර්ථික බංකොලොත් භාවයට සජබත් ජවිපෙත් වගකිව යුතුයි	7	3bc40998	1700380947.0	si	https://www.ada.lk/breaking_news/ආර්ථික-බංකොලොත්-භාවයට-සජබත්-ජවිපෙත්-වගකිව-යුතුයි/11-406716
adaderanalk	2023-11-19 13:11:00	President addresses second Voice of Global South Summit	8	6d55d819	1700379660.0	en	https://www.adaderana.lk/news/94987/president-addresses-second-voice-of-global-south-summit
virakesarilk	2023-11-19 12:54:00	ஹமாசிற்கு எதிராக புதிய தடைகள் - அவுஸ்திரேலியா அறிவிப்பு	4	2fddfdc7	1700378640.0	ta	https://www.virakesari.lk/article/169693
adalk	2023-11-19 12:45:34	පික් පොකට් ගහන්නම උපකරණයක් හදලා	4	8592f4cb	1700378134.0	si	https://www.ada.lk/breaking_news/පික්-පොකට්-ගහන්නම-උපකරණයක්-හදලා/11-406715
adalk	2023-11-19 12:37:56	’ලංකාවට ක්‍රිකට් තහනම ඉල්ලා ක්‍රිකට් පරිපාලනයෙන් ක්‍රිකට් කවුන්සිලයට ලිපි 3ක්’	5	8416ca72	1700377676.0	si	https://www.ada.lk/sports/’ලංකාවට-ක්‍රිකට්-තහනම-ඉල්ලා-ක්‍රිකට්-පරිපාලනයෙන්-ක්‍රිකට්-කවුන්සිලයට-ලිපි-3ක්’/9-406714
adalk	2023-11-19 12:30:16	චීනයේ උසස් නිලධාරිනියක් එයි	3	ee797954	1700377216.0	si	https://www.ada.lk/breaking_news/චීනයේ-උසස්-නිලධාරිනියක්-එයි/11-406713
adaderanalk	2023-11-19 11:54:00	SLC forced ICC to suspend Sri Lanka - Sports Minister	12	16a5df04	1700375040.0	en	https://www.adaderana.lk/news/94986/slc-forced-icc-to-suspend-sri-lanka-sports-minister
adaderanalk	2023-11-19 11:24:00	Nuwara Eliya - Badulla main road blocked due to earthslip	5	6aee0880	1700373240.0	en	https://www.adaderana.lk/news/94985/nuwara-eliya-badulla-main-road-blocked-due-to-earthslip
adalk	2023-11-19 09:51:54	ත්‍රිකුණාමලය කොස්තාපල්ට අයිස් මත්ද්‍රව්‍ය දුන් පුද්ගලයා අත්අඩංගුවට	3	07a92a70	1700367714.0	si	https://www.ada.lk/breaking_news/ත්‍රිකුණාමලය-කොස්තාපල්ට-අයිස්-මත්ද්‍රව්‍ය-දුන්-පුද්ගලයා-අත්අඩංගුවට/11-406712
adalk	2023-11-19 09:46:49	ක්‍රිකට් අර්බුදය ගැන අරවින්දගේ අදහස	6	7787f5b6	1700367409.0	si	https://www.ada.lk/sports/ක්‍රිකට්-අර්බුදය-ගැන-අරවින්දගේ-අදහස/9-406711
adalk	2023-11-19 08:55:06	අකුරණ නගරය ජලයෙන් යට වෙයි	3	cd314044	1700364306.0	si	https://www.ada.lk/picture_story/අකුරණ-නගරය-ජලයෙන්-යට-වෙයි/10-406710
adalk	2023-11-19 08:45:22	ලංකාවේ ඉතිහාසය වෙනස් කරන දිඹුලාගල සෙල්ලිපියේ පිටපත් කිරීමේ කටයුතු අවසන්	7	e9ee8dbb	1700363722.0	si	https://www.ada.lk/breaking_news/ලංකාවේ-ඉතිහාසය-වෙනස්-කරන-දිඹුලාගල-සෙල්ලිපියේ-පිටපත්-කිරීමේ-කටයුතු-අවසන්/11-406709
adalk	2023-11-19 08:32:42	ක්‍රිකට් තහනමට පාර කැපූ බව කියන ශම්මිගේ ලිපිය සජිත් පාර්ලිමේන්තුවට දෙයි	2	434f5871	1700362962.0	si	https://www.ada.lk/sports/ක්‍රිකට්-තහනමට-පාර-කැපූ-බව-කියන-ශම්මිගේ-ලිපිය-සජිත්-පාර්ලිමේන්තුවට-දෙයි/9-406708
colombotelegraphcom	2023-11-18 23:58:36	Greenwashing Bond Scams & Financializing Mother Nature: Climate Science Fiction Versus Local Realities	34	497a7c7f	1700332116.0	en	https://www.colombotelegraph.com/index.php/greenwashing-bond-scams-financializing-mother-nature-climate-science-fiction-versus-local-realities/
adalk	2023-11-18 20:37:09	දේශීය ආදායම් දෙපාර්තමේන්තුවට බිලියන 943ක බදු ’පොල්ලක්’	2	956d49fd	1700320029.0	si	https://www.ada.lk/breaking_news/දේශීය-ආදායම්-දෙපාර්තමේන්තුවට-බිලියන-943ක-බදු-’පොල්ලක්’/11-406707
colombotelegraphcom	2023-11-18 18:11:07	Set Up An Internal Regulatory System For Judges; Don’t Attack Them In Parliament: Lawyers Collective	13	22c886d8	1700311267.0	en	https://www.colombotelegraph.com/index.php/set-up-an-internal-regulatory-system-for-judges-dont-attack-them-in-parliament-lawyers-collective/
colombotelegraphcom	2023-11-18 07:39:38	Restoring The Dignity Of Sri Lankan Cricketers	21	3951ccb6	1700273378.0	en	https://www.colombotelegraph.com/index.php/restoring-the-dignity-of-sri-lankan-cricketers/
colombotelegraphcom	2023-11-17 10:22:33	Dons Protest Against The Cancellation Of Swasthika Arulingam’s Lecture At Jaffna University	6	63fc3368	1700196753.0	en	https://www.colombotelegraph.com/index.php/dons-protest-against-the-cancellation-of-swasthika-arulingams-lecture-at-jaffna-university/
bbccomsinhala	2023-11-17 10:10:40	COPE: හස්ත සංඥාව ගැන සභාපති මහාචාර්ය රංජිත් බණ්ඩාර කියන්නේ කුමක්ද ?	72	5ae42c5c	1700196040.0	si	https://www.bbc.com/sinhala/articles/cllpmv4le81o
bbccomsinhala	2023-11-17 06:26:49	'මම ලියන හැටි': මනෝහරී ජයලත්	27	d8d5986d	1700182609.0	si	https://www.bbc.com/sinhala/articles/cw42kl3gnmjo
bbccomsinhala	2023-11-17 03:57:18	බ්‍රිතාන්‍ය සෞඛ්‍ය සේවාවට එක්වූ විදෙස් වෛද්‍යවරුන් වැඩි ම සංඛ්‍යාවක් පැමිණි රටවල් 5 අතරට ශ්‍රී ලංකාව	28	3a7ceeec	1700173638.0	si	https://www.bbc.com/sinhala/articles/cz72l6rj08zo
colombotelegraphcom	2023-11-16 17:36:46	Propaganda: The Elusive Force Behind War, Massacre & Genocide	8	397d8be0	1700136406.0	en	https://www.colombotelegraph.com/index.php/propaganda-the-elusive-force-behind-war-massacre-genocide/
bbccomsinhala	2023-11-16 08:16:52	ඔබේ උපතට පෙර සිට මරණයෙන් පසුවත් ඔබට අවශ්‍ය වන ග්‍රාම නිලධාරී සේවය	37	00b1ec95	1700102812.0	si	https://www.bbc.com/sinhala/articles/cqvplvnwd5vo
bbccomsinhala	2023-11-16 07:55:17	20 වන ජනාධිපති සිනමා සම්මාන උලෙළ: 'ජනපතිට වැරදුණු තැන්' තිබුණා ද?	33	acae9903	1700101517.0	si	https://www.bbc.com/sinhala/articles/c8v817v36vno
colombotelegraphcom	2023-11-16 07:54:23	Changing Perspectives & Parametres In Annamalai’s Padayatra	11	e1b8f7e0	1700101463.0	en	https://www.colombotelegraph.com/index.php/changing-perspectives-parametres-in-annamalais-padayatra/
bbccomsinhala	2023-11-16 03:55:34	ආචාර්ය උපාධියක් ලැබීමේ සිහිනය හඹා යන  මරණ දඬුවම නියම වූ රැඳවියෙකු BBC යට කතා කරයි	7	c5c42a76	1700087134.0	si	https://www.bbc.com/sinhala/articles/c3g244l2817o
bbccomsinhala	2023-11-15 09:43:09	'ICC Hall of Fame' : අර්බුද සමයේ ශ්‍රී ලංකා ක්‍රිකට් බබළ වන දියමන්තිය අරවින්ද ද සිල්වා	53	6e925c31	1700021589.0	si	https://www.bbc.com/sinhala/articles/c062xkj7g00o
colombotelegraphcom	2023-11-15 03:35:54	On “Reaching For The Stars” & Some Troubling Issues	23	89b41a2b	1699999554.0	en	https://www.colombotelegraph.com/index.php/on-reaching-for-the-stars-some-troubling-issues/
colombotelegraphcom	2023-11-14 12:50:07	Suppressing Free Speech & Religious Freedom By Labelling Them Hate Speech	38	d18d3ba9	1699946407.0	en	https://www.colombotelegraph.com/index.php/suppressing-free-speech-religious-freedom-by-labelling-them-hate-speech/
colombotelegraphcom	2023-11-14 09:10:51	Postponing Elections & Inviting The Dragon: Sri Lankan President’s China Tilt	12	71be6816	1699933251.0	en	https://www.colombotelegraph.com/index.php/postponing-elections-inviting-the-dragon-sri-lankan-presidents-china-tilt/
colombotelegraphcom	2023-11-14 08:56:44	Colombo – Burning In The Sun, Drowning In The Rain	16	8468c247	1699932404.0	en	https://www.colombotelegraph.com/index.php/colombo-burning-in-the-sun-drowning-in-the-rain/
colombotelegraphcom	2023-11-14 08:42:25	Reflecting On 34 Years: The JVP & The Legacy Of Comrade Rohana Wijeweera	41	f99d8b24	1699931545.0	en	https://www.colombotelegraph.com/index.php/reflecting-on-34-years-the-jvp-the-legacy-of-comrade-rohana-wijeweera/
bbccomsinhala	2023-11-14 05:20:48	ලෝක දියවැඩියා දිනය: දියවැඩියාව යනු කුමක් ද? ඊට ගොදුරු නොවී සිටින්නේ කෙසේ ද?	39	ad1cbe62	1699919448.0	si	https://www.bbc.com/sinhala/articles/cprp774xl4no
bbccomsinhala	2023-11-13 10:52:57	අයවැය 2024: ඔබ දැනගත යුතු ප්‍රධාන යෝජනා 10ක්	30	d22131bc	1699852977.0	si	https://www.bbc.com/sinhala/articles/cd1pyv42z8zo
bbccomsinhala	2023-11-13 06:10:37	අයවැය 2024: මෙවර ඇයවැයෙන් අරමුදල් බෙදී යන්නේ කෙසේ ද ?	30	5a08204b	1699836037.0	si	https://www.bbc.com/sinhala/articles/c72979lweggo
bbccomsinhala	2023-11-13 04:35:36	අයවැයක් සකස් කෙරෙන ක්‍රියාවලිය ගැන ඔබ දැන සිටියා ද?	29	7988a8bc	1699830336.0	si	https://www.bbc.com/sinhala/articles/cv2ze0y026yo
bbccomsinhala	2023-11-10 12:06:06	අයවැය 2024: ශ්‍රී ලංකාවේ වැඩි ම වාර ගණනක් අයවැය ඉදිරිපත් කළ මුදල් ඇමති කවුද?	23	de16a891	1699598166.0	si	https://www.bbc.com/sinhala/articles/c9735l3jqleo
bbccomsinhala	2023-11-10 09:58:49	හිටපු පකිස්තාන මහකොමසාරිස් ඝාතන කුමන්ත්‍රණ චෝදනාවෙන් වසර 15 කට පසු විත්තිකරුවන් නිදහස්	11	1edab782	1699590529.0	si	https://www.bbc.com/sinhala/articles/c983jv4g0l2o
bbccomsinhala	2023-11-10 04:10:51	'මම ලියන හැටි': උපුල් ශාන්ත සන්නස්ගල	24	d152ef07	1699569651.0	si	https://www.bbc.com/sinhala/articles/c3g2e90znx8o
bbccomsinhala	2023-11-09 07:15:51	VAT : එකතු කළ අගය මත බද්ද වැඩි කිරීම ගැන ඔබ දැනගත යුතු ම කරුණු 5ක්	35	09bf100e	1699494351.0	si	https://www.bbc.com/sinhala/articles/c04293jzk9po
bbccomsinhala	2023-11-08 06:09:56	බදු සහ ගාස්තු ඉහළ දැමීම් අභියෝගයට ලක්කරමින් ආණ්ඩුවට එරෙහිව අධිකරණයට යා හැකිද ?	37	ba66d032	1699403996.0	si	https://www.bbc.com/sinhala/articles/cy72jrpqpexo
bbccomsinhala	2023-11-08 03:32:38	පොදු ප්‍රවාහනයේ දී  ලාංකික කාන්තාවන් මුහුණ දෙන අතවර : ‘දවස ගානෙම මුහුණ දෙන කරදරයක්’	60	900a68b4	1699394558.0	si	https://www.bbc.com/sinhala/articles/c4n0qqx1x7do
bbccomsinhala	2023-11-07 12:06:39	Timed Out: ක්‍රීඩාවේ මහත්මා ගුණය හා නීතීය අතර දෝලනය වූ මැතිව්ස්ගේ දැවි යාම	72	70028cc6	1699338999.0	si	https://www.bbc.com/sinhala/articles/c2l20ve55klo
colombotelegraphcom	2023-11-05 06:49:07	“Insights With Harsha: Smart Policies & Economic Revival” Event Highlights Key Policy Points For Sri Lanka’s Growth	11	93612806	1699147147.0	en	https://www.colombotelegraph.com/index.php/insights-with-harsha-smart-policies-economic-revival-event-highlights-key-policy-points-for-sri-lankas-growth/
bbccomsinhala	2023-11-02 08:52:01	ගාසා යුද ගැටුම්වලට මැදිව සිටි ශ්‍රී ලාංකිකයින් 11 දෙනෙක් දිවයිනට පැමිණෙති	24	a0f36433	1698895321.0	si	https://www.bbc.com/sinhala/articles/cxrv2ne1z25o
colombotelegraphcom	2023-10-31 08:56:09	Abolition Of The Executive Presidency	13	3065510c	1698722769.0	en	https://www.colombotelegraph.com/index.php/abolition-of-the-executive-presidency/
bbccomsinhala	2023-10-23 07:49:26	ඊශ්‍රායලයේදී අතුරුදන් වූ සුජිත් : දරුවන්ගේ DNA  සාම්පල ඔස්සේ මියගොස් ඇති බව තහවුරු වේ	31	ad565ff3	1698027566.0	si	https://www.bbc.com/sinhala/articles/cgxkpl1vl92o
colombotelegraphcom	2023-10-21 07:24:11	Online Safety Bill & Anti-Terror Bill –  Law Making To End Democracy & Fundamental Rights Of Sri Lankan Citizens	23	ccd0978d	1697853251.0	en	https://www.colombotelegraph.com/index.php/online-safety-bill-anti-terror-bill-law-making-to-end-democracy-fundamental-rights-of-sri-lankan-citizens/
bbccomsinhala	2023-10-18 13:05:00	මාර්ගගත ක්‍රමවල සුරක්ෂිතතාව පිළිබඳ පනත් කෙටුම්පත: ශ්‍රේෂ්ඨාධිකරණය විසින් ලබාදුන්  තීන්දුව	26	f31796ac	1697614500.0	si	https://www.bbc.com/sinhala/articles/c727vrdr1mlo
adalk	2023-10-16 11:48:51	කුඩා හා මධ්‍ය පරිමාණ ව්‍යවසායකයින් මිලියනයක් ඩිජිටල්කරණයට	6	769faeb0	1697437131.0	si	https://www.ada.lk/technology/කුඩා-හා-මධ්‍ය-පරිමාණ-ව්‍යවසායකයින්-මිලියනයක්-ඩිජිටල්කරණයට/5-406199
colombotelegraphcom	2023-10-05 14:02:05	Sri Lanka: IMF / World Bank – Systemic Reforms Needed	9	0442e84e	1696494725.0	en	https://www.colombotelegraph.com/index.php/sri-lanka-imf-world-bank-systemic-reforms-needed/
colombotelegraphcom	2023-10-04 16:57:58	Sri Lanka At A Crossroads: The IMF’s 16-Point Prescription For Reform	33	b5de520d	1696418878.0	en	https://www.colombotelegraph.com/index.php/sri-lanka-at-a-crossroads-the-imfs-16-point-prescription-for-reform/
colombotelegraphcom	2023-10-01 16:31:08	Take Great Care To Ensure The Reach Of RTI Commission Is Not Limited By Future Legislation: IMF Tells Government	9	0cf08f1b	1696158068.0	en	https://www.colombotelegraph.com/index.php/take-great-care-to-ensure-the-reach-of-rti-commission-is-not-limited-by-future-legislation-imf-tells-government/
colombotelegraphcom	2023-09-29 08:08:09	Mullaitivu Magistrate/District Judge Resigns After Death Threats	4	06a2ef78	1695955089.0	en	https://www.colombotelegraph.com/index.php/mullaitivu-magistrate-district-judge-resigns-after-death-threats/
bbccomsinhala	2023-09-25 05:51:38	ICCPR: රම්සි රසීක්ගේ මානව හිමිකම් උල්ලංඝනය කිරීම ගැන ශ්‍රේෂ්ඨාධිකරණය දුන් තීන්දුව ඔබ දන්නවා ද?	35	028f9de4	1695601298.0	si	https://www.bbc.com/sinhala/articles/cz97p54p8j2o
colombotelegraphcom	2023-09-23 08:15:14	Lawyers Collective Condemns The Recent Anti-Terrorism & Online Safety Bills	5	6c3aeeb9	1695437114.0	en	https://www.colombotelegraph.com/index.php/lawyers-collective-condemns-the-recent-anti-terrorism-online-safety-bills/
adalk	2023-09-07 15:49:34	HIP වෙතින් හම්බන්තොට ව්‍යවසායකයින්ට Sea Fair!	5	47684f8f	1694081974.0	si	https://www.ada.lk/business/HIP-වෙතින්-හම්බන්තොට-ව්‍යවසායකයින්ට-Sea-Fair-/7-405635
adalk	2023-09-05 15:35:22	ගුවන් තොටුපළට ටැක්සියකින් රු.700 බැගින් ආදායමක්	7	ffe9c4eb	1693908322.0	si	https://www.ada.lk/business/ගුවන්-තොටුපළට-ටැක්සියකින්-රු-700-බැගින්-ආදායමක්/7-405599
adalk	2023-09-05 15:27:54	Visa සමාගම ශ්‍රී ලංකාවේ 35 වැනි සංවත්සරය සමරයි	12	a008ff82	1693907874.0	si	https://www.ada.lk/business/Visa-සමාගම-ශ්‍රී-ලංකාවේ-35-වැනි-සංවත්සරය-සමරයි/7-405598
adalk	2023-09-04 18:30:36	වසර 16කට පසුව  ලංකාවට තොරතුරු තාක්ෂණ ඔලිම්පියාඩ් පදක්කමක්	5	3ca27bc2	1693832436.0	si	https://www.ada.lk/technology/වසර-16කට-පසුව--ලංකාවට-තොරතුරු-තාක්ෂණ-ඔලිම්පියාඩ්-පදක්කමක්/5-405586
adalk	2023-09-01 08:08:41	එලෝන් මස්ක් ට්විටර් වෙත තවත් ප්‍රභල වෙනසක් කරයි	3	c221ff3f	1693535921.0	si	https://www.ada.lk/technology/එලෝන්-මස්ක්-ට්විටර්-වෙත-තවත්-ප්‍රභල-වෙනසක්-කරයි/5-405532
adalk	2023-08-28 17:53:29	SLIM DIGIS 2.3 - ඩිජිටල් අලෙවිකරණයේ විශිෂ්ටත්වයට	10	4f8fb619	1693225409.0	si	https://www.ada.lk/business/SLIM-DIGIS-2-3---ඩිජිටල්-අලෙවිකරණයේ-විශිෂ්ටත්වයට/7-405456
adalk	2023-08-28 17:52:40	බංග්ලාදේශ ක්‍රිකට් කණ්ඩායමත් ශ්‍රී ලංකන් ගුවන් සේවය තෝරාගනී	4	a553b95c	1693225360.0	si	https://www.ada.lk/business/බංග්ලාදේශ-ක්‍රිකට්-කණ්ඩායමත්-ශ්‍රී-ලංකන්-ගුවන්-සේවය-තෝරාගනී/7-405455
adalk	2023-08-28 17:51:19	COMPLAST 2023 - අපනයන ආර්ථිකයේ සංවර්ධනය වෙත	7	5661f17a	1693225279.0	si	https://www.ada.lk/business/COMPLAST-2023---අපනයන-ආර්ථිකයේ-සංවර්ධනය-වෙත/7-405454
adalk	2023-08-28 17:50:09	කෘෂි ව්‍යවසායකයන් සවිබල ගන්වන Agri-Accelerator	7	651eef5c	1693225209.0	si	https://www.ada.lk/business/කෘෂි-ව්‍යවසායකයන්-සවිබල-ගන්වන-Agri-Accelerator/7-405453
adalk	2023-08-28 17:49:05	ඉනි - විජිත බස්නායකගේ තෝරාගත් ඉදිකිරීම්’ මුද්‍රණද්වාරයෙන් ප්‍රකාශයට	7	c4339dad	1693225145.0	si	https://www.ada.lk/business/ඉනි---විජිත-බස්නායකගේ-තෝරාගත්-ඉදිකිරීම්’-මුද්‍රණද්වාරයෙන්-ප්‍රකාශයට/7-405452
adalk	2023-08-28 17:47:59	SpeedStar 2 - විනෝදය සහ වේගය කැටිවුණු අත්දැකීමක්	6	e2b746bb	1693225079.0	si	https://www.ada.lk/business/SpeedStar-2---විනෝදය-සහ-වේගය-කැටිවුණු-අත්දැකීමක්/7-405451
adalk	2023-08-24 17:15:42	SEC සහ CSE මීගමුවේ ආයෝජක සම්මන්ත්‍රණය	7	1d454444	1692877542.0	si	https://www.ada.lk/business/SEC-සහ-CSE-මීගමුවේ-ආයෝජක-සම්මන්ත්‍රණය/7-405383
adalk	2023-08-24 17:14:40	පැරණි වාහන ආනයනයට අවසර දීමෙන් දීර්ඝකාලීනව අවාසියි	7	0a76e4a6	1692877480.0	si	https://www.ada.lk/business/පැරණි-වාහන-ආනයනයට-අවසර-දීමෙන්-දීර්ඝකාලීනව-අවාසියි/7-405382
adalk	2023-08-24 17:13:56	කෘෂිකාර්මික ඉදිරි දැක්ම සඳහා නවෝත්පාදන සහ හවුල්කාරිත්වය	9	3a794266	1692877436.0	si	https://www.ada.lk/business/කෘෂිකාර්මික-ඉදිරි-දැක්ම-සඳහා-නවෝත්පාදන-සහ-හවුල්කාරිත්වය/7-405381
adalk	2023-08-24 17:12:54	SPARK 2023 අවසන් මහ තරඟය පැවැත් වේ	9	329d0479	1692877374.0	si	https://www.ada.lk/business/SPARK-2023-අවසන්-මහ-තරඟය-පැවැත්-වේ/7-405380
adalk	2023-08-24 17:11:47	දැයේ දරුවන් උදෙසා යහපත් අනාගතයක් වෙනුවෙන් LOLC	10	e6452b0f	1692877307.0	si	https://www.ada.lk/business/දැයේ-දරුවන්-උදෙසා-යහපත්-අනාගතයක්-වෙනුවෙන්-LOLC/7-405379
adalk	2023-08-24 17:10:39	IDL කීර්තිමත් ජාත්‍යන්තර සම්මාන හතක් දිනා ගනියි	7	5545bb66	1692877239.0	si	https://www.ada.lk/business/IDL-කීර්තිමත්-ජාත්‍යන්තර-සම්මාන-හතක්-දිනා-ගනියි/7-405378
adalk	2023-08-23 19:12:02	සඳ මතට යානයක් ගොඩ බස්සවමින් ඉන්දියාව වාර්තා අතරට	6	b52a7212	1692798122.0	si	https://www.ada.lk/technology/සඳ-මතට-යානයක්-ගොඩ-බස්සවමින්-ඉන්දියාව-වාර්තා-අතරට/5-405363
adalk	2023-08-15 18:30:31	ඉන්දියාවේ 77 වැනි නිදහස් දිනය මෙරටදීත් උත්කර්ෂවත්ව සැමරේ	3	6bcaad4b	1692104431.0	si	https://www.ada.lk/business/ඉන්දියාවේ-77-වැනි-නිදහස්-දිනය-මෙරටදීත්-උත්කර්ෂවත්ව-සැමරේ/7-405229
adalk	2023-08-08 17:22:21	කෘත්‍රීම බුද්ධි විෂය පාසල් අධ්‍යාපනයට 6-9 සහ 10 - 13 වශයෙන් අවස්ථා දෙකකදී	4	d5614b3e	1691495541.0	si	https://www.ada.lk/technology/කෘත්‍රීම-බුද්ධි-විෂය-පාසල්-අධ්‍යාපනයට-6-9-සහ-10---13-වශයෙන්-අවස්ථා-දෙකකදී/5-405108
adalk	2023-08-05 23:36:42	විකලාංග වෛද්‍ය විද්‍යාවේ නව පිටුවක් පෙරළීමට මහාචාර්ය ප්‍රසන්න සමත් වෙයි	7	faab598b	1691258802.0	si	https://www.ada.lk/technology/විකලාංග-වෛද්‍ය-විද්‍යාවේ-නව-පිටුවක්-පෙරළීමට-මහාචාර්ය-ප්‍රසන්න-සමත්-වෙයි/5-405056
adalk	2023-07-31 19:39:17	කොළඹ කොටස් හුවමාරුව රුහුණු සරසවිය හා හවුල් වේ	5	9a0db132	1690812557.0	si	https://www.ada.lk/business/කොළඹ-කොටස්-හුවමාරුව-රුහුණු-සරසවිය-හා-හවුල්-වේ/7-404976
adalk	2023-07-31 19:38:23	නෙස්ලේ සන්නාමය යළිත් වරක් සම්මානයට පාත්‍ර වේ	9	a358bc79	1690812503.0	si	https://www.ada.lk/business/නෙස්ලේ-සන්නාමය-යළිත්-වරක්-සම්මානයට-පාත්‍ර-වේ/7-404975
adalk	2023-07-31 19:37:15	ඉන්දීය මුදල් ඇමතිනිය ශ්‍රී ලංකාව ගැන කතා කරයි	4	13bb0dda	1690812435.0	si	https://www.ada.lk/business/ඉන්දීය-මුදල්-ඇමතිනිය-ශ්‍රී-ලංකාව-ගැන-කතා-කරයි/7-404974
adalk	2023-07-18 18:37:38	මිහිතලයේ යහපැවැත්ම වෙනුවෙන් සිත්තමක මෙහෙවර චිත්‍ර තරගයෙන්	11	f110b787	1689685658.0	si	https://www.ada.lk/business/මිහිතලයේ-යහපැවැත්ම-වෙනුවෙන්-සිත්තමක-මෙහෙවර-චිත්‍ර-තරගයෙන්/7-404724
adalk	2023-07-18 18:36:13	ජූනි මාසයේදී හම්බන්තොට වැඩිම සංචාරක නෞකා ගමන්	5	20d46355	1689685573.0	si	https://www.ada.lk/business/ජූනි-මාසයේදී-හම්බන්තොට-වැඩිම-සංචාරක-නෞකා-ගමන්/7-404723
adalk	2023-07-16 19:59:38	ශ්‍රී ලංකන් හි අත්‍යවශ්‍ය සේවක පිරිසක් ඉවත් වූ කතා අසත්‍යයි	3	2c1f7bb4	1689517778.0	si	https://www.ada.lk/business/ශ්‍රී-ලංකන්-හි-අත්‍යවශ්‍ය-සේවක-පිරිසක්-ඉවත්-වූ-කතා-අසත්‍යයි/7-404686
adalk	2023-07-16 19:58:50	ඔස්ට්‍රේලියාව බලා ගිය බෝට්ටු 7ක් ගෙවුණු වසරේ නැවත හරවා එවලා	5	752ec9c0	1689517730.0	si	https://www.ada.lk/business/ඔස්ට්‍රේලියාව-බලා-ගිය-බෝට්ටු-7ක්-ගෙවුණු-වසරේ-නැවත-හරවා-එවලා/7-404685
adalk	2023-07-02 19:48:03	2023 මේ දක්වා රුපියල සියයට 17.6ක් අතිප්‍රමාණය වෙලා	3	e14835d3	1688307483.0	si	https://www.ada.lk/business/2023-මේ-දක්වා-රුපියල-සියයට-17-6ක්-අතිප්‍රමාණය-වෙලා/7-404475
adalk	2023-07-02 19:46:57	කොටස් වෙළෙඳපොළෙන් යෑමට නෙස්ලේ සමාගමට අවසර ලැබේ	5	1a503e9a	1688307417.0	si	https://www.ada.lk/business/කොටස්-වෙළෙඳපොළෙන්-යෑමට-නෙස්ලේ-සමාගමට-අවසර-ලැබේ/7-404474
adalk	2023-07-02 19:43:31	ශ්‍රී ලංකාවේ ආර්ථික පුනර්ජීවනය සඳහා අඛණ්ඩව සහායක් දෙනවා	3	00e4e8ee	1688307211.0	si	https://www.ada.lk/business/ශ්‍රී-ලංකාවේ-ආර්ථික-පුනර්ජීවනය-සඳහා-අඛණ්ඩව-සහායක්-දෙනවා/7-404473
adalk	2023-07-02 19:41:54	ආර්ථික අර්බුදය ජයගැනීමට පෞද්ගලික අංශ සහාය වැදගත්	5	2fea8fac	1688307114.0	si	https://www.ada.lk/business/ආර්ථික-අර්බුදය-ජයගැනීමට-පෞද්ගලික-අංශ-සහාය-වැදගත්/7-404472
adalk	2023-07-02 19:40:27	ණය ප‍්‍රතිව්‍යුහගත කිරීම ගැන අධිපතිගේ සහතිකය පිළිගන්නවා	6	a59f27cd	1688307027.0	si	https://www.ada.lk/business/ණය-ප‍්‍රතිව්‍යුහගත-කිරීම-ගැන-අධිපතිගේ-සහතිකය-පිළිගන්නවා/7-404471
adalk	2023-07-02 19:36:43	ලාෆ්ස් ගෑස් හිඟයක් නෑ	2	555dbb5e	1688306803.0	si	https://www.ada.lk/business/ලාෆ්ස්-ගෑස්-හිඟයක්-නෑ/7-404470
adalk	2023-05-16 17:05:10	2024 දී කෘත්‍රීම බුද්ධිය දිවයිනේ සියලු ම පාසල් වල ඉගැන්වීමට පියවර	7	ea6c9efc	1684236910.0	si	https://www.ada.lk/technology/2024-දී-කෘත්‍රීම-බුද්ධිය-දිවයිනේ-සියලු-ම-පාසල්-වල-ඉගැන්වීමට-පියවර/5-403471
adalk	2023-05-09 11:11:52	නව තාක්ෂණික සොයා ගැනීම් වෙනුවෙන් පනතක්	6	5092f3f3	1683610912.0	si	https://www.ada.lk/technology/නව-තාක්ෂණික-සොයා-ගැනීම්-වෙනුවෙන්-පනතක්/5-403338
adalk	2023-04-04 11:50:00	ට්විටර් සලකුණ මස්ක් වෙනස් කරයි	2	70c38db8	1680589200.0	si	https://www.ada.lk/technology/ට්විටර්-සලකුණ-මස්ක්-වෙනස්-කරයි/5-402731
adalk	2023-02-13 14:04:00	ජලයේ හා ගුවනේ ගමන් කළ හැකි නව ඩ්‍රෝනයක් චීනයෙන්	3	bf21fa65	1676277240.0	si	https://www.ada.lk/technology/ජලයේ-හා-ගුවනේ-ගමන්-කළ-හැකි-නව-ඩ්‍රෝනයක්-චීනයෙන්/5-401463
adalk	2022-12-08 16:02:03	ලබන වසරේ දී 8 ශ්‍රේණියට කෘත්‍රීම බුද්ධිය	5	6469e8cd	1670495523.0	si	https://www.ada.lk/technology/ලබන-වසරේ-දී-8-ශ්‍රේණියට-කෘත්‍රීම-බුද්ධිය/5-399479
adalk	2022-10-28 12:20:57	ලංකාවේම ණය ගෙවා දැමිය හැකි මිලක් ගෙවා ඉලෝන් මස්ක් ට්විටර් මිලදි ගනියි	3	2758489b	1666939857.0	si	https://www.ada.lk/technology/ලංකාවේම-ණය-ගෙවා-දැමිය-හැකි-මිලක්-ගෙවා-ඉලෝන්-මස්ක්-ට්විටර්-මිලදි-ගනියි/5-398250
adalk	2022-10-25 13:45:26	වට්ස් ඇප් බිඳ වැටීමක්	2	12629f59	1666685726.0	si	https://www.ada.lk/technology/වට්ස්-ඇප්-බිඳ-වැටීමක්/5-398176
adalk	2022-10-11 15:40:40	අභ්‍යාවකාශයේ සිට පෘතුවියේ සිසුන්ට දේශන පවත්වන චීනය	5	b3a091a2	1665483040.0	si	https://www.ada.lk/technology/අභ්‍යාවකාශයේ-සිට-පෘතුවියේ-සිසුන්ට-දේශන-පවත්වන-චීනය/5-397819
bbccomsinhala	2022-10-07 13:01:22	ආර්ථික අර්බුදය පිළිබඳ ශ්‍රේෂ්ඨාධිකරණ තීන්දුව: මීළඟට සිදුවන්නේ කුමක් ද?	35	e99b4f89	1665127882.0	si	https://www.bbc.com/sinhala/sri-lanka-63174397
adalk	2022-10-03 11:05:29	එලෝන් මස්ක් හදුන්වාදෙන නවතම මානවරූපී රොබෝව Optimus	12	3c3e113a	1664775329.0	si	https://www.ada.lk/opinion/එලෝන්-මස්ක්-හදුන්වාදෙන-නවතම-මානවරූපී-රොබෝව-Optimus/2-397613
adalk	2022-09-20 15:41:57	කොවිඩ් ඇතුළු වෛරස් උණ හඳුනා ගන්නා මුහුණු ආවරණයක් චීනයෙන්	4	6c31eff4	1663668717.0	si	https://www.ada.lk/technology/කොවිඩ්-ඇතුළු-වෛරස්-උණ-හඳුනා-ගන්නා-මුහුණු-ආවරණයක්-චීනයෙන්/5-397277
adalk	2022-09-03 12:19:20	දුරකතන, බ්‍රෝඩ්බෑන්ඩ් හා රූපවාහිනී ගාස්තු ඉහළට	3	8bf8e9cd	1662187760.0	si	https://www.ada.lk/technology/දුරකතන--බ්‍රෝඩ්බෑන්ඩ්-හා-රූපවාහිනී-ගාස්තු-ඉහළට/5-396858
adalk	2022-05-26 16:46:49	එක වාහනයකට එක දිනකදී තෙල් කී පාරක් ගසා ඇත්දැයි සෙවීමට යෙදවුමක්	3	b5a8e0c6	1653563809.0	si	https://www.ada.lk/technology/එක-වාහනයකට-එක-දිනකදී-තෙල්-කී-පාරක්-ගසා-ඇත්දැයි-සෙවීමට-යෙදවුමක්/5-393792
adalk	2022-03-23 16:55:23	පේරාදෙණිය ඉංජිනේරු සිසුන්ගෙන් E වීලර් රථයක්	6	227dd78b	1648034723.0	si	https://www.ada.lk/uncategorized/පේරාදෙණිය-ඉංජිනේරු-සිසුන්ගෙන්-E-වීලර්-රථයක්/1-391554
adalk	2022-02-21 08:27:03	චීන ජංගම දුරකථන අපනයන ඒකක මිලියන 33කින් ඉහළට	3	b3c3082b	1645412223.0	si	https://www.ada.lk/international/චීන-ජංගම-දුරකථන-අපනයන-ඒකක-මිලියන-33කින්-ඉහළට/3-390532
adalk	2022-02-20 19:40:03	අනුරාධපුර ශික්ෂණ රෝහලේ අධ්‍යක්ෂක ජෛව ඩීසල් නිපදවයි	4	d8dd53fb	1645366203.0	si	https://www.ada.lk/technology/අනුරාධපුර-ශික්ෂණ-රෝහලේ-අධ්‍යක්ෂක-ජෛව-ඩීසල්-නිපදවයි/5-390527
adalk	2022-02-18 09:32:57	නව ක්වොන්ටම් පරිගණක මෘදුකාංගයක් චීනය නිපදවයි	6	67206578	1645156977.0	si	https://www.ada.lk/international/නව-ක්වොන්ටම්-පරිගණක-මෘදුකාංගයක්-චීනය-නිපදවයි/3-390446
adalk	2022-02-03 15:51:22	චීනය ඔලිම්පික් ඉතිහාසය වෙනස් කරයි	4	4677b027	1643883682.0	si	https://www.ada.lk/uncategorized/චීනය-ඔලිම්පික්-ඉතිහාසය-වෙනස්-කරයි/1-389935
adalk	2022-02-01 09:44:48	සම්පූර්ණයෙන්ම විදුලියෙන් ධාවනය වන ගුවන් යානය සැබෑවක් වෙයි	5	abb852d5	1643688888.0	si	https://www.ada.lk/uncategorized/සම්පූර්ණයෙන්ම-විදුලියෙන්-ධාවනය-වන-ගුවන්-යානය-සැබෑවක්-වෙයි/1-389842
adalk	2022-01-31 22:24:53	යුද හමුදාවෙන් තවත් සුපිරි වැඩක්	8	7ed183dd	1643648093.0	si	https://www.ada.lk/uncategorized/යුද-හමුදාවෙන්-තවත්-සුපිරි-වැඩක්/1-389833
adalk	2021-10-14 11:18:03	Number Portability සේවාව සදහා නීතිමය අනුමැතිය	4	ed36a2c8	1634190483.0	si	https://www.ada.lk/technology/Number-Portability-සේවාව-සදහා-නීතිමය-අනුමැතිය/5-386003
adalk	2021-10-04 21:53:41	සමාජ මාධ්‍ය බි﻿ඳ වැටීම යථා තත්ත්වයට	2	d4ce7505	1633364621.0	si	https://www.ada.lk/technology/සමාජ-මාධ්‍ය-බි﻿ඳ-වැටීම-යථා-තත්ත්වයට/5-385584
adalk	2021-09-22 08:55:31	ගෙදරදීම පොල්තෙල්  සිඳින අත්යන්ත්‍රයක්	8	617281a0	1632281131.0	si	https://www.ada.lk/uncategorized/ගෙදරදීම-පොල්තෙල්--සිඳින-අත්යන්ත්‍රයක්/1-384985
adalk	2021-09-12 13:34:07	නොවැම්බර් මස සිට WhatsApp අත්හිටුවන ජංගම දුරකථන ලයිස්තුව	8	1c61d9d0	1631433847.0	si	https://www.ada.lk/technology/නොවැම්බර්-මස-සිට-WhatsApp-අත්හිටුවන-ජංගම-දුරකථන-ලයිස්තුව/5-384488
